,image_path,target,dataset
1162,/home/sebastien/Documents/projects/solafune-finding-mining-sites/data/train/train_1162.tif,0,solafune
982,/home/sebastien/Documents/projects/solafune-finding-mining-sites/data/train/train_982.tif,0,solafune
263,/home/sebastien/Documents/projects/solafune-finding-mining-sites/data/train/train_263.tif,0,solafune
1147,/home/sebastien/Documents/projects/solafune-finding-mining-sites/data/train/train_1147.tif,0,solafune
805,/home/sebastien/Documents/projects/solafune-finding-mining-sites/data/train/train_805.tif,0,solafune
502,/home/sebastien/Documents/projects/solafune-finding-mining-sites/data/train/train_502.tif,1,solafune
461,/home/sebastien/Documents/projects/solafune-finding-mining-sites/data/train/train_461.tif,0,solafune
995,/home/sebastien/Documents/projects/solafune-finding-mining-sites/data/train/train_995.tif,0,solafune
959,/home/sebastien/Documents/projects/solafune-finding-mining-sites/data/train/train_959.tif,0,solafune
116,/home/sebastien/Documents/projects/solafune-finding-mining-sites/data/train/train_116.tif,0,solafune
1214,/home/sebastien/Documents/projects/solafune-finding-mining-sites/data/train/train_1214.tif,1,solafune
1140,/home/sebastien/Documents/projects/solafune-finding-mining-sites/data/train/train_1140.tif,0,solafune
176,/home/sebastien/Documents/projects/solafune-finding-mining-sites/data/train/train_176.tif,1,solafune
1155,/home/sebastien/Documents/projects/solafune-finding-mining-sites/data/train/train_1155.tif,0,solafune
973,/home/sebastien/Documents/projects/solafune-finding-mining-sites/data/train/train_973.tif,0,solafune
1198,/home/sebastien/Documents/projects/solafune-finding-mining-sites/data/train/train_1198.tif,0,solafune
340,/home/sebastien/Documents/projects/solafune-finding-mining-sites/data/train/train_340.tif,0,solafune
1044,/home/sebastien/Documents/projects/solafune-finding-mining-sites/data/train/train_1044.tif,0,solafune
193,/home/sebastien/Documents/projects/solafune-finding-mining-sites/data/train/train_193.tif,0,solafune
1232,/home/sebastien/Documents/projects/solafune-finding-mining-sites/data/train/train_1232.tif,0,solafune
77,/home/sebastien/Documents/projects/solafune-finding-mining-sites/data/train/train_77.tif,0,solafune
393,/home/sebastien/Documents/projects/solafune-finding-mining-sites/data/train/train_393.tif,1,solafune
483,/home/sebastien/Documents/projects/solafune-finding-mining-sites/data/train/train_483.tif,0,solafune
914,/home/sebastien/Documents/projects/solafune-finding-mining-sites/data/train/train_914.tif,0,solafune
790,/home/sebastien/Documents/projects/solafune-finding-mining-sites/data/train/train_790.tif,0,solafune
41,/home/sebastien/Documents/projects/solafune-finding-mining-sites/data/train/train_41.tif,0,solafune
215,/home/sebastien/Documents/projects/solafune-finding-mining-sites/data/train/train_215.tif,0,solafune
1157,/home/sebastien/Documents/projects/solafune-finding-mining-sites/data/train/train_1157.tif,0,solafune
106,/home/sebastien/Documents/projects/solafune-finding-mining-sites/data/train/train_106.tif,0,solafune
14,/home/sebastien/Documents/projects/solafune-finding-mining-sites/data/train/train_14.tif,1,solafune
663,/home/sebastien/Documents/projects/solafune-finding-mining-sites/data/train/train_663.tif,0,solafune
412,/home/sebastien/Documents/projects/solafune-finding-mining-sites/data/train/train_412.tif,0,solafune
659,/home/sebastien/Documents/projects/solafune-finding-mining-sites/data/train/train_659.tif,0,solafune
1169,/home/sebastien/Documents/projects/solafune-finding-mining-sites/data/train/train_1169.tif,0,solafune
564,/home/sebastien/Documents/projects/solafune-finding-mining-sites/data/train/train_564.tif,0,solafune
559,/home/sebastien/Documents/projects/solafune-finding-mining-sites/data/train/train_559.tif,0,solafune
406,/home/sebastien/Documents/projects/solafune-finding-mining-sites/data/train/train_406.tif,0,solafune
732,/home/sebastien/Documents/projects/solafune-finding-mining-sites/data/train/train_732.tif,0,solafune
751,/home/sebastien/Documents/projects/solafune-finding-mining-sites/data/train/train_751.tif,0,solafune
902,/home/sebastien/Documents/projects/solafune-finding-mining-sites/data/train/train_902.tif,0,solafune
1134,/home/sebastien/Documents/projects/solafune-finding-mining-sites/data/train/train_1134.tif,0,solafune
40,/home/sebastien/Documents/projects/solafune-finding-mining-sites/data/train/train_40.tif,0,solafune
822,/home/sebastien/Documents/projects/solafune-finding-mining-sites/data/train/train_822.tif,0,solafune
892,/home/sebastien/Documents/projects/solafune-finding-mining-sites/data/train/train_892.tif,0,solafune
821,/home/sebastien/Documents/projects/solafune-finding-mining-sites/data/train/train_821.tif,1,solafune
652,/home/sebastien/Documents/projects/solafune-finding-mining-sites/data/train/train_652.tif,1,solafune
173,/home/sebastien/Documents/projects/solafune-finding-mining-sites/data/train/train_173.tif,0,solafune
968,/home/sebastien/Documents/projects/solafune-finding-mining-sites/data/train/train_968.tif,0,solafune
1179,/home/sebastien/Documents/projects/solafune-finding-mining-sites/data/train/train_1179.tif,1,solafune
775,/home/sebastien/Documents/projects/solafune-finding-mining-sites/data/train/train_775.tif,0,solafune
360,/home/sebastien/Documents/projects/solafune-finding-mining-sites/data/train/train_360.tif,0,solafune
1021,/home/sebastien/Documents/projects/solafune-finding-mining-sites/data/train/train_1021.tif,0,solafune
776,/home/sebastien/Documents/projects/solafune-finding-mining-sites/data/train/train_776.tif,0,solafune
206,/home/sebastien/Documents/projects/solafune-finding-mining-sites/data/train/train_206.tif,0,solafune
334,/home/sebastien/Documents/projects/solafune-finding-mining-sites/data/train/train_334.tif,0,solafune
219,/home/sebastien/Documents/projects/solafune-finding-mining-sites/data/train/train_219.tif,0,solafune
225,/home/sebastien/Documents/projects/solafune-finding-mining-sites/data/train/train_225.tif,0,solafune
436,/home/sebastien/Documents/projects/solafune-finding-mining-sites/data/train/train_436.tif,0,solafune
799,/home/sebastien/Documents/projects/solafune-finding-mining-sites/data/train/train_799.tif,0,solafune
587,/home/sebastien/Documents/projects/solafune-finding-mining-sites/data/train/train_587.tif,0,solafune
1219,/home/sebastien/Documents/projects/solafune-finding-mining-sites/data/train/train_1219.tif,0,solafune
1001,/home/sebastien/Documents/projects/solafune-finding-mining-sites/data/train/train_1001.tif,0,solafune
25,/home/sebastien/Documents/projects/solafune-finding-mining-sites/data/train/train_25.tif,1,solafune
402,/home/sebastien/Documents/projects/solafune-finding-mining-sites/data/train/train_402.tif,0,solafune
45,/home/sebastien/Documents/projects/solafune-finding-mining-sites/data/train/train_45.tif,0,solafune
1086,/home/sebastien/Documents/projects/solafune-finding-mining-sites/data/train/train_1086.tif,0,solafune
916,/home/sebastien/Documents/projects/solafune-finding-mining-sites/data/train/train_916.tif,0,solafune
662,/home/sebastien/Documents/projects/solafune-finding-mining-sites/data/train/train_662.tif,0,solafune
983,/home/sebastien/Documents/projects/solafune-finding-mining-sites/data/train/train_983.tif,0,solafune
1192,/home/sebastien/Documents/projects/solafune-finding-mining-sites/data/train/train_1192.tif,0,solafune
285,/home/sebastien/Documents/projects/solafune-finding-mining-sites/data/train/train_285.tif,1,solafune
640,/home/sebastien/Documents/projects/solafune-finding-mining-sites/data/train/train_640.tif,0,solafune
677,/home/sebastien/Documents/projects/solafune-finding-mining-sites/data/train/train_677.tif,0,solafune
1117,/home/sebastien/Documents/projects/solafune-finding-mining-sites/data/train/train_1117.tif,0,solafune
60,/home/sebastien/Documents/projects/solafune-finding-mining-sites/data/train/train_60.tif,0,solafune
450,/home/sebastien/Documents/projects/solafune-finding-mining-sites/data/train/train_450.tif,0,solafune
1176,/home/sebastien/Documents/projects/solafune-finding-mining-sites/data/train/train_1176.tif,0,solafune
181,/home/sebastien/Documents/projects/solafune-finding-mining-sites/data/train/train_181.tif,1,solafune
525,/home/sebastien/Documents/projects/solafune-finding-mining-sites/data/train/train_525.tif,0,solafune
343,/home/sebastien/Documents/projects/solafune-finding-mining-sites/data/train/train_343.tif,1,solafune
366,/home/sebastien/Documents/projects/solafune-finding-mining-sites/data/train/train_366.tif,1,solafune
744,/home/sebastien/Documents/projects/solafune-finding-mining-sites/data/train/train_744.tif,0,solafune
1167,/home/sebastien/Documents/projects/solafune-finding-mining-sites/data/train/train_1167.tif,1,solafune
9,/home/sebastien/Documents/projects/solafune-finding-mining-sites/data/train/train_9.tif,0,solafune
368,/home/sebastien/Documents/projects/solafune-finding-mining-sites/data/train/train_368.tif,0,solafune
112,/home/sebastien/Documents/projects/solafune-finding-mining-sites/data/train/train_112.tif,0,solafune
728,/home/sebastien/Documents/projects/solafune-finding-mining-sites/data/train/train_728.tif,1,solafune
480,/home/sebastien/Documents/projects/solafune-finding-mining-sites/data/train/train_480.tif,1,solafune
338,/home/sebastien/Documents/projects/solafune-finding-mining-sites/data/train/train_338.tif,0,solafune
1218,/home/sebastien/Documents/projects/solafune-finding-mining-sites/data/train/train_1218.tif,0,solafune
253,/home/sebastien/Documents/projects/solafune-finding-mining-sites/data/train/train_253.tif,1,solafune
1202,/home/sebastien/Documents/projects/solafune-finding-mining-sites/data/train/train_1202.tif,0,solafune
759,/home/sebastien/Documents/projects/solafune-finding-mining-sites/data/train/train_759.tif,1,solafune
733,/home/sebastien/Documents/projects/solafune-finding-mining-sites/data/train/train_733.tif,0,solafune
1087,/home/sebastien/Documents/projects/solafune-finding-mining-sites/data/train/train_1087.tif,0,solafune
1046,/home/sebastien/Documents/projects/solafune-finding-mining-sites/data/train/train_1046.tif,0,solafune
493,/home/sebastien/Documents/projects/solafune-finding-mining-sites/data/train/train_493.tif,0,solafune
729,/home/sebastien/Documents/projects/solafune-finding-mining-sites/data/train/train_729.tif,0,solafune
1144,/home/sebastien/Documents/projects/solafune-finding-mining-sites/data/train/train_1144.tif,0,solafune
1135,/home/sebastien/Documents/projects/solafune-finding-mining-sites/data/train/train_1135.tif,0,solafune
325,/home/sebastien/Documents/projects/solafune-finding-mining-sites/data/train/train_325.tif,0,solafune
890,/home/sebastien/Documents/projects/solafune-finding-mining-sites/data/train/train_890.tif,0,solafune
1121,/home/sebastien/Documents/projects/solafune-finding-mining-sites/data/train/train_1121.tif,0,solafune
960,/home/sebastien/Documents/projects/solafune-finding-mining-sites/data/train/train_960.tif,0,solafune
772,/home/sebastien/Documents/projects/solafune-finding-mining-sites/data/train/train_772.tif,0,solafune
397,/home/sebastien/Documents/projects/solafune-finding-mining-sites/data/train/train_397.tif,0,solafune
434,/home/sebastien/Documents/projects/solafune-finding-mining-sites/data/train/train_434.tif,0,solafune
1031,/home/sebastien/Documents/projects/solafune-finding-mining-sites/data/train/train_1031.tif,1,solafune
1017,/home/sebastien/Documents/projects/solafune-finding-mining-sites/data/train/train_1017.tif,0,solafune
718,/home/sebastien/Documents/projects/solafune-finding-mining-sites/data/train/train_718.tif,0,solafune
15,/home/sebastien/Documents/projects/solafune-finding-mining-sites/data/train/train_15.tif,1,solafune
1152,/home/sebastien/Documents/projects/solafune-finding-mining-sites/data/train/train_1152.tif,1,solafune
127,/home/sebastien/Documents/projects/solafune-finding-mining-sites/data/train/train_127.tif,0,solafune
188,/home/sebastien/Documents/projects/solafune-finding-mining-sites/data/train/train_188.tif,0,solafune
487,/home/sebastien/Documents/projects/solafune-finding-mining-sites/data/train/train_487.tif,1,solafune
1165,/home/sebastien/Documents/projects/solafune-finding-mining-sites/data/train/train_1165.tif,0,solafune
120,/home/sebastien/Documents/projects/solafune-finding-mining-sites/data/train/train_120.tif,0,solafune
97,/home/sebastien/Documents/projects/solafune-finding-mining-sites/data/train/train_97.tif,0,solafune
1220,/home/sebastien/Documents/projects/solafune-finding-mining-sites/data/train/train_1220.tif,0,solafune
687,/home/sebastien/Documents/projects/solafune-finding-mining-sites/data/train/train_687.tif,0,solafune
987,/home/sebastien/Documents/projects/solafune-finding-mining-sites/data/train/train_987.tif,0,solafune
1071,/home/sebastien/Documents/projects/solafune-finding-mining-sites/data/train/train_1071.tif,0,solafune
222,/home/sebastien/Documents/projects/solafune-finding-mining-sites/data/train/train_222.tif,0,solafune
860,/home/sebastien/Documents/projects/solafune-finding-mining-sites/data/train/train_860.tif,1,solafune
121,/home/sebastien/Documents/projects/solafune-finding-mining-sites/data/train/train_121.tif,0,solafune
228,/home/sebastien/Documents/projects/solafune-finding-mining-sites/data/train/train_228.tif,0,solafune
369,/home/sebastien/Documents/projects/solafune-finding-mining-sites/data/train/train_369.tif,0,solafune
573,/home/sebastien/Documents/projects/solafune-finding-mining-sites/data/train/train_573.tif,0,solafune
519,/home/sebastien/Documents/projects/solafune-finding-mining-sites/data/train/train_519.tif,0,solafune
1180,/home/sebastien/Documents/projects/solafune-finding-mining-sites/data/train/train_1180.tif,0,solafune
863,/home/sebastien/Documents/projects/solafune-finding-mining-sites/data/train/train_863.tif,0,solafune
102,/home/sebastien/Documents/projects/solafune-finding-mining-sites/data/train/train_102.tif,1,solafune
1236,/home/sebastien/Documents/projects/solafune-finding-mining-sites/data/train/train_1236.tif,0,solafune
534,/home/sebastien/Documents/projects/solafune-finding-mining-sites/data/train/train_534.tif,0,solafune
433,/home/sebastien/Documents/projects/solafune-finding-mining-sites/data/train/train_433.tif,1,solafune
172,/home/sebastien/Documents/projects/solafune-finding-mining-sites/data/train/train_172.tif,0,solafune
351,/home/sebastien/Documents/projects/solafune-finding-mining-sites/data/train/train_351.tif,1,solafune
1039,/home/sebastien/Documents/projects/solafune-finding-mining-sites/data/train/train_1039.tif,1,solafune
284,/home/sebastien/Documents/projects/solafune-finding-mining-sites/data/train/train_284.tif,0,solafune
942,/home/sebastien/Documents/projects/solafune-finding-mining-sites/data/train/train_942.tif,1,solafune
118,/home/sebastien/Documents/projects/solafune-finding-mining-sites/data/train/train_118.tif,0,solafune
52,/home/sebastien/Documents/projects/solafune-finding-mining-sites/data/train/train_52.tif,0,solafune
970,/home/sebastien/Documents/projects/solafune-finding-mining-sites/data/train/train_970.tif,0,solafune
1159,/home/sebastien/Documents/projects/solafune-finding-mining-sites/data/train/train_1159.tif,1,solafune
410,/home/sebastien/Documents/projects/solafune-finding-mining-sites/data/train/train_410.tif,1,solafune
68,/home/sebastien/Documents/projects/solafune-finding-mining-sites/data/train/train_68.tif,0,solafune
657,/home/sebastien/Documents/projects/solafune-finding-mining-sites/data/train/train_657.tif,0,solafune
148,/home/sebastien/Documents/projects/solafune-finding-mining-sites/data/train/train_148.tif,0,solafune
1009,/home/sebastien/Documents/projects/solafune-finding-mining-sites/data/train/train_1009.tif,0,solafune
685,/home/sebastien/Documents/projects/solafune-finding-mining-sites/data/train/train_685.tif,1,solafune
646,/home/sebastien/Documents/projects/solafune-finding-mining-sites/data/train/train_646.tif,1,solafune
345,/home/sebastien/Documents/projects/solafune-finding-mining-sites/data/train/train_345.tif,0,solafune
349,/home/sebastien/Documents/projects/solafune-finding-mining-sites/data/train/train_349.tif,1,solafune
27,/home/sebastien/Documents/projects/solafune-finding-mining-sites/data/train/train_27.tif,0,solafune
280,/home/sebastien/Documents/projects/solafune-finding-mining-sites/data/train/train_280.tif,0,solafune
420,/home/sebastien/Documents/projects/solafune-finding-mining-sites/data/train/train_420.tif,0,solafune
539,/home/sebastien/Documents/projects/solafune-finding-mining-sites/data/train/train_539.tif,0,solafune
375,/home/sebastien/Documents/projects/solafune-finding-mining-sites/data/train/train_375.tif,1,solafune
1064,/home/sebastien/Documents/projects/solafune-finding-mining-sites/data/train/train_1064.tif,0,solafune
500,/home/sebastien/Documents/projects/solafune-finding-mining-sites/data/train/train_500.tif,0,solafune
1200,/home/sebastien/Documents/projects/solafune-finding-mining-sites/data/train/train_1200.tif,0,solafune
1068,/home/sebastien/Documents/projects/solafune-finding-mining-sites/data/train/train_1068.tif,1,solafune
895,/home/sebastien/Documents/projects/solafune-finding-mining-sites/data/train/train_895.tif,1,solafune
873,/home/sebastien/Documents/projects/solafune-finding-mining-sites/data/train/train_873.tif,0,solafune
301,/home/sebastien/Documents/projects/solafune-finding-mining-sites/data/train/train_301.tif,0,solafune
784,/home/sebastien/Documents/projects/solafune-finding-mining-sites/data/train/train_784.tif,1,solafune
13,/home/sebastien/Documents/projects/solafune-finding-mining-sites/data/train/train_13.tif,0,solafune
48,/home/sebastien/Documents/projects/solafune-finding-mining-sites/data/train/train_48.tif,1,solafune
908,/home/sebastien/Documents/projects/solafune-finding-mining-sites/data/train/train_908.tif,0,solafune
1111,/home/sebastien/Documents/projects/solafune-finding-mining-sites/data/train/train_1111.tif,0,solafune
1166,/home/sebastien/Documents/projects/solafune-finding-mining-sites/data/train/train_1166.tif,1,solafune
839,/home/sebastien/Documents/projects/solafune-finding-mining-sites/data/train/train_839.tif,1,solafune
38,/home/sebastien/Documents/projects/solafune-finding-mining-sites/data/train/train_38.tif,1,solafune
809,/home/sebastien/Documents/projects/solafune-finding-mining-sites/data/train/train_809.tif,0,solafune
98,/home/sebastien/Documents/projects/solafune-finding-mining-sites/data/train/train_98.tif,0,solafune
896,/home/sebastien/Documents/projects/solafune-finding-mining-sites/data/train/train_896.tif,0,solafune
801,/home/sebastien/Documents/projects/solafune-finding-mining-sites/data/train/train_801.tif,0,solafune
998,/home/sebastien/Documents/projects/solafune-finding-mining-sites/data/train/train_998.tif,0,solafune
1020,/home/sebastien/Documents/projects/solafune-finding-mining-sites/data/train/train_1020.tif,0,solafune
1161,/home/sebastien/Documents/projects/solafune-finding-mining-sites/data/train/train_1161.tif,1,solafune
143,/home/sebastien/Documents/projects/solafune-finding-mining-sites/data/train/train_143.tif,0,solafune
269,/home/sebastien/Documents/projects/solafune-finding-mining-sites/data/train/train_269.tif,0,solafune
782,/home/sebastien/Documents/projects/solafune-finding-mining-sites/data/train/train_782.tif,0,solafune
1201,/home/sebastien/Documents/projects/solafune-finding-mining-sites/data/train/train_1201.tif,0,solafune
19,/home/sebastien/Documents/projects/solafune-finding-mining-sites/data/train/train_19.tif,0,solafune
703,/home/sebastien/Documents/projects/solafune-finding-mining-sites/data/train/train_703.tif,0,solafune
785,/home/sebastien/Documents/projects/solafune-finding-mining-sites/data/train/train_785.tif,0,solafune
1057,/home/sebastien/Documents/projects/solafune-finding-mining-sites/data/train/train_1057.tif,0,solafune
781,/home/sebastien/Documents/projects/solafune-finding-mining-sites/data/train/train_781.tif,0,solafune
950,/home/sebastien/Documents/projects/solafune-finding-mining-sites/data/train/train_950.tif,0,solafune
988,/home/sebastien/Documents/projects/solafune-finding-mining-sites/data/train/train_988.tif,1,solafune
264,/home/sebastien/Documents/projects/solafune-finding-mining-sites/data/train/train_264.tif,0,solafune
239,/home/sebastien/Documents/projects/solafune-finding-mining-sites/data/train/train_239.tif,0,solafune
498,/home/sebastien/Documents/projects/solafune-finding-mining-sites/data/train/train_498.tif,0,solafune
313,/home/sebastien/Documents/projects/solafune-finding-mining-sites/data/train/train_313.tif,1,solafune
544,/home/sebastien/Documents/projects/solafune-finding-mining-sites/data/train/train_544.tif,1,solafune
177,/home/sebastien/Documents/projects/solafune-finding-mining-sites/data/train/train_177.tif,0,solafune
491,/home/sebastien/Documents/projects/solafune-finding-mining-sites/data/train/train_491.tif,1,solafune
398,/home/sebastien/Documents/projects/solafune-finding-mining-sites/data/train/train_398.tif,0,solafune
596,/home/sebastien/Documents/projects/solafune-finding-mining-sites/data/train/train_596.tif,0,solafune
166,/home/sebastien/Documents/projects/solafune-finding-mining-sites/data/train/train_166.tif,0,solafune
796,/home/sebastien/Documents/projects/solafune-finding-mining-sites/data/train/train_796.tif,0,solafune
16,/home/sebastien/Documents/projects/solafune-finding-mining-sites/data/train/train_16.tif,0,solafune
71,/home/sebastien/Documents/projects/solafune-finding-mining-sites/data/train/train_71.tif,0,solafune
870,/home/sebastien/Documents/projects/solafune-finding-mining-sites/data/train/train_870.tif,0,solafune
565,/home/sebastien/Documents/projects/solafune-finding-mining-sites/data/train/train_565.tif,0,solafune
1207,/home/sebastien/Documents/projects/solafune-finding-mining-sites/data/train/train_1207.tif,0,solafune
329,/home/sebastien/Documents/projects/solafune-finding-mining-sites/data/train/train_329.tif,0,solafune
831,/home/sebastien/Documents/projects/solafune-finding-mining-sites/data/train/train_831.tif,0,solafune
1092,/home/sebastien/Documents/projects/solafune-finding-mining-sites/data/train/train_1092.tif,0,solafune
149,/home/sebastien/Documents/projects/solafune-finding-mining-sites/data/train/train_149.tif,1,solafune
396,/home/sebastien/Documents/projects/solafune-finding-mining-sites/data/train/train_396.tif,0,solafune
888,/home/sebastien/Documents/projects/solafune-finding-mining-sites/data/train/train_888.tif,0,solafune
951,/home/sebastien/Documents/projects/solafune-finding-mining-sites/data/train/train_951.tif,0,solafune
624,/home/sebastien/Documents/projects/solafune-finding-mining-sites/data/train/train_624.tif,0,solafune
431,/home/sebastien/Documents/projects/solafune-finding-mining-sites/data/train/train_431.tif,0,solafune
92,/home/sebastien/Documents/projects/solafune-finding-mining-sites/data/train/train_92.tif,1,solafune
1004,/home/sebastien/Documents/projects/solafune-finding-mining-sites/data/train/train_1004.tif,1,solafune
1098,/home/sebastien/Documents/projects/solafune-finding-mining-sites/data/train/train_1098.tif,0,solafune
1053,/home/sebastien/Documents/projects/solafune-finding-mining-sites/data/train/train_1053.tif,0,solafune
103,/home/sebastien/Documents/projects/solafune-finding-mining-sites/data/train/train_103.tif,0,solafune
1150,/home/sebastien/Documents/projects/solafune-finding-mining-sites/data/train/train_1150.tif,0,solafune
721,/home/sebastien/Documents/projects/solafune-finding-mining-sites/data/train/train_721.tif,1,solafune
262,/home/sebastien/Documents/projects/solafune-finding-mining-sites/data/train/train_262.tif,0,solafune
216,/home/sebastien/Documents/projects/solafune-finding-mining-sites/data/train/train_216.tif,0,solafune
857,/home/sebastien/Documents/projects/solafune-finding-mining-sites/data/train/train_857.tif,0,solafune
1217,/home/sebastien/Documents/projects/solafune-finding-mining-sites/data/train/train_1217.tif,0,solafune
886,/home/sebastien/Documents/projects/solafune-finding-mining-sites/data/train/train_886.tif,0,solafune
684,/home/sebastien/Documents/projects/solafune-finding-mining-sites/data/train/train_684.tif,0,solafune
1186,/home/sebastien/Documents/projects/solafune-finding-mining-sites/data/train/train_1186.tif,1,solafune
470,/home/sebastien/Documents/projects/solafune-finding-mining-sites/data/train/train_470.tif,1,solafune
913,/home/sebastien/Documents/projects/solafune-finding-mining-sites/data/train/train_913.tif,1,solafune
824,/home/sebastien/Documents/projects/solafune-finding-mining-sites/data/train/train_824.tif,0,solafune
383,/home/sebastien/Documents/projects/solafune-finding-mining-sites/data/train/train_383.tif,0,solafune
580,/home/sebastien/Documents/projects/solafune-finding-mining-sites/data/train/train_580.tif,0,solafune
1143,/home/sebastien/Documents/projects/solafune-finding-mining-sites/data/train/train_1143.tif,0,solafune
511,/home/sebastien/Documents/projects/solafune-finding-mining-sites/data/train/train_511.tif,0,solafune
994,/home/sebastien/Documents/projects/solafune-finding-mining-sites/data/train/train_994.tif,0,solafune
150,/home/sebastien/Documents/projects/solafune-finding-mining-sites/data/train/train_150.tif,0,solafune
612,/home/sebastien/Documents/projects/solafune-finding-mining-sites/data/train/train_612.tif,0,solafune
878,/home/sebastien/Documents/projects/solafune-finding-mining-sites/data/train/train_878.tif,0,solafune
843,/home/sebastien/Documents/projects/solafune-finding-mining-sites/data/train/train_843.tif,0,solafune
389,/home/sebastien/Documents/projects/solafune-finding-mining-sites/data/train/train_389.tif,0,solafune
507,/home/sebastien/Documents/projects/solafune-finding-mining-sites/data/train/train_507.tif,0,solafune
229,/home/sebastien/Documents/projects/solafune-finding-mining-sites/data/train/train_229.tif,0,solafune
859,/home/sebastien/Documents/projects/solafune-finding-mining-sites/data/train/train_859.tif,0,solafune
521,/home/sebastien/Documents/projects/solafune-finding-mining-sites/data/train/train_521.tif,0,solafune
50,/home/sebastien/Documents/projects/solafune-finding-mining-sites/data/train/train_50.tif,0,solafune
547,/home/sebastien/Documents/projects/solafune-finding-mining-sites/data/train/train_547.tif,0,solafune
205,/home/sebastien/Documents/projects/solafune-finding-mining-sites/data/train/train_205.tif,0,solafune
455,/home/sebastien/Documents/projects/solafune-finding-mining-sites/data/train/train_455.tif,0,solafune
1168,/home/sebastien/Documents/projects/solafune-finding-mining-sites/data/train/train_1168.tif,0,solafune
815,/home/sebastien/Documents/projects/solafune-finding-mining-sites/data/train/train_815.tif,1,solafune
991,/home/sebastien/Documents/projects/solafune-finding-mining-sites/data/train/train_991.tif,0,solafune
669,/home/sebastien/Documents/projects/solafune-finding-mining-sites/data/train/train_669.tif,0,solafune
75,/home/sebastien/Documents/projects/solafune-finding-mining-sites/data/train/train_75.tif,1,solafune
600,/home/sebastien/Documents/projects/solafune-finding-mining-sites/data/train/train_600.tif,0,solafune
1193,/home/sebastien/Documents/projects/solafune-finding-mining-sites/data/train/train_1193.tif,0,solafune
34,/home/sebastien/Documents/projects/solafune-finding-mining-sites/data/train/train_34.tif,1,solafune
104,/home/sebastien/Documents/projects/solafune-finding-mining-sites/data/train/train_104.tif,0,solafune
702,/home/sebastien/Documents/projects/solafune-finding-mining-sites/data/train/train_702.tif,0,solafune
722,/home/sebastien/Documents/projects/solafune-finding-mining-sites/data/train/train_722.tif,0,solafune
307,/home/sebastien/Documents/projects/solafune-finding-mining-sites/data/train/train_307.tif,0,solafune
1102,/home/sebastien/Documents/projects/solafune-finding-mining-sites/data/train/train_1102.tif,0,solafune
271,/home/sebastien/Documents/projects/solafune-finding-mining-sites/data/train/train_271.tif,0,solafune
346,/home/sebastien/Documents/projects/solafune-finding-mining-sites/data/train/train_346.tif,0,solafune
445,/home/sebastien/Documents/projects/solafune-finding-mining-sites/data/train/train_445.tif,1,solafune
937,/home/sebastien/Documents/projects/solafune-finding-mining-sites/data/train/train_937.tif,0,solafune
473,/home/sebastien/Documents/projects/solafune-finding-mining-sites/data/train/train_473.tif,1,solafune
864,/home/sebastien/Documents/projects/solafune-finding-mining-sites/data/train/train_864.tif,1,solafune
689,/home/sebastien/Documents/projects/solafune-finding-mining-sites/data/train/train_689.tif,0,solafune
993,/home/sebastien/Documents/projects/solafune-finding-mining-sites/data/train/train_993.tif,0,solafune
419,/home/sebastien/Documents/projects/solafune-finding-mining-sites/data/train/train_419.tif,0,solafune
526,/home/sebastien/Documents/projects/solafune-finding-mining-sites/data/train/train_526.tif,0,solafune
931,/home/sebastien/Documents/projects/solafune-finding-mining-sites/data/train/train_931.tif,1,solafune
572,/home/sebastien/Documents/projects/solafune-finding-mining-sites/data/train/train_572.tif,0,solafune
151,/home/sebastien/Documents/projects/solafune-finding-mining-sites/data/train/train_151.tif,0,solafune
407,/home/sebastien/Documents/projects/solafune-finding-mining-sites/data/train/train_407.tif,0,solafune
1061,/home/sebastien/Documents/projects/solafune-finding-mining-sites/data/train/train_1061.tif,1,solafune
515,/home/sebastien/Documents/projects/solafune-finding-mining-sites/data/train/train_515.tif,0,solafune
459,/home/sebastien/Documents/projects/solafune-finding-mining-sites/data/train/train_459.tif,0,solafune
976,/home/sebastien/Documents/projects/solafune-finding-mining-sites/data/train/train_976.tif,0,solafune
1070,/home/sebastien/Documents/projects/solafune-finding-mining-sites/data/train/train_1070.tif,0,solafune
226,/home/sebastien/Documents/projects/solafune-finding-mining-sites/data/train/train_226.tif,1,solafune
894,/home/sebastien/Documents/projects/solafune-finding-mining-sites/data/train/train_894.tif,0,solafune
770,/home/sebastien/Documents/projects/solafune-finding-mining-sites/data/train/train_770.tif,0,solafune
862,/home/sebastien/Documents/projects/solafune-finding-mining-sites/data/train/train_862.tif,0,solafune
481,/home/sebastien/Documents/projects/solafune-finding-mining-sites/data/train/train_481.tif,0,solafune
93,/home/sebastien/Documents/projects/solafune-finding-mining-sites/data/train/train_93.tif,0,solafune
186,/home/sebastien/Documents/projects/solafune-finding-mining-sites/data/train/train_186.tif,0,solafune
364,/home/sebastien/Documents/projects/solafune-finding-mining-sites/data/train/train_364.tif,0,solafune
479,/home/sebastien/Documents/projects/solafune-finding-mining-sites/data/train/train_479.tif,0,solafune
827,/home/sebastien/Documents/projects/solafune-finding-mining-sites/data/train/train_827.tif,0,solafune
261,/home/sebastien/Documents/projects/solafune-finding-mining-sites/data/train/train_261.tif,0,solafune
1216,/home/sebastien/Documents/projects/solafune-finding-mining-sites/data/train/train_1216.tif,1,solafune
847,/home/sebastien/Documents/projects/solafune-finding-mining-sites/data/train/train_847.tif,0,solafune
214,/home/sebastien/Documents/projects/solafune-finding-mining-sites/data/train/train_214.tif,1,solafune
454,/home/sebastien/Documents/projects/solafune-finding-mining-sites/data/train/train_454.tif,0,solafune
1014,/home/sebastien/Documents/projects/solafune-finding-mining-sites/data/train/train_1014.tif,0,solafune
430,/home/sebastien/Documents/projects/solafune-finding-mining-sites/data/train/train_430.tif,1,solafune
444,/home/sebastien/Documents/projects/solafune-finding-mining-sites/data/train/train_444.tif,0,solafune
854,/home/sebastien/Documents/projects/solafune-finding-mining-sites/data/train/train_854.tif,0,solafune
838,/home/sebastien/Documents/projects/solafune-finding-mining-sites/data/train/train_838.tif,1,solafune
593,/home/sebastien/Documents/projects/solafune-finding-mining-sites/data/train/train_593.tif,0,solafune
372,/home/sebastien/Documents/projects/solafune-finding-mining-sites/data/train/train_372.tif,0,solafune
719,/home/sebastien/Documents/projects/solafune-finding-mining-sites/data/train/train_719.tif,0,solafune
400,/home/sebastien/Documents/projects/solafune-finding-mining-sites/data/train/train_400.tif,0,solafune
90,/home/sebastien/Documents/projects/solafune-finding-mining-sites/data/train/train_90.tif,1,solafune
856,/home/sebastien/Documents/projects/solafune-finding-mining-sites/data/train/train_856.tif,0,solafune
546,/home/sebastien/Documents/projects/solafune-finding-mining-sites/data/train/train_546.tif,0,solafune
1076,/home/sebastien/Documents/projects/solafune-finding-mining-sites/data/train/train_1076.tif,0,solafune
395,/home/sebastien/Documents/projects/solafune-finding-mining-sites/data/train/train_395.tif,0,solafune
1066,/home/sebastien/Documents/projects/solafune-finding-mining-sites/data/train/train_1066.tif,0,solafune
1062,/home/sebastien/Documents/projects/solafune-finding-mining-sites/data/train/train_1062.tif,0,solafune
1023,/home/sebastien/Documents/projects/solafune-finding-mining-sites/data/train/train_1023.tif,0,solafune
1005,/home/sebastien/Documents/projects/solafune-finding-mining-sites/data/train/train_1005.tif,1,solafune
1153,/home/sebastien/Documents/projects/solafune-finding-mining-sites/data/train/train_1153.tif,0,solafune
300,/home/sebastien/Documents/projects/solafune-finding-mining-sites/data/train/train_300.tif,0,solafune
516,/home/sebastien/Documents/projects/solafune-finding-mining-sites/data/train/train_516.tif,0,solafune
1185,/home/sebastien/Documents/projects/solafune-finding-mining-sites/data/train/train_1185.tif,0,solafune
1154,/home/sebastien/Documents/projects/solafune-finding-mining-sites/data/train/train_1154.tif,1,solafune
237,/home/sebastien/Documents/projects/solafune-finding-mining-sites/data/train/train_237.tif,0,solafune
922,/home/sebastien/Documents/projects/solafune-finding-mining-sites/data/train/train_922.tif,0,solafune
126,/home/sebastien/Documents/projects/solafune-finding-mining-sites/data/train/train_126.tif,1,solafune
537,/home/sebastien/Documents/projects/solafune-finding-mining-sites/data/train/train_537.tif,0,solafune
961,/home/sebastien/Documents/projects/solafune-finding-mining-sites/data/train/train_961.tif,0,solafune
46,/home/sebastien/Documents/projects/solafune-finding-mining-sites/data/train/train_46.tif,0,solafune
282,/home/sebastien/Documents/projects/solafune-finding-mining-sites/data/train/train_282.tif,0,solafune
837,/home/sebastien/Documents/projects/solafune-finding-mining-sites/data/train/train_837.tif,0,solafune
11,/home/sebastien/Documents/projects/solafune-finding-mining-sites/data/train/train_11.tif,0,solafune
36,/home/sebastien/Documents/projects/solafune-finding-mining-sites/data/train/train_36.tif,0,solafune
505,/home/sebastien/Documents/projects/solafune-finding-mining-sites/data/train/train_505.tif,0,solafune
1132,/home/sebastien/Documents/projects/solafune-finding-mining-sites/data/train/train_1132.tif,1,solafune
1120,/home/sebastien/Documents/projects/solafune-finding-mining-sites/data/train/train_1120.tif,1,solafune
379,/home/sebastien/Documents/projects/solafune-finding-mining-sites/data/train/train_379.tif,1,solafune
448,/home/sebastien/Documents/projects/solafune-finding-mining-sites/data/train/train_448.tif,0,solafune
946,/home/sebastien/Documents/projects/solafune-finding-mining-sites/data/train/train_946.tif,0,solafune
625,/home/sebastien/Documents/projects/solafune-finding-mining-sites/data/train/train_625.tif,0,solafune
929,/home/sebastien/Documents/projects/solafune-finding-mining-sites/data/train/train_929.tif,0,solafune
885,/home/sebastien/Documents/projects/solafune-finding-mining-sites/data/train/train_885.tif,0,solafune
714,/home/sebastien/Documents/projects/solafune-finding-mining-sites/data/train/train_714.tif,0,solafune
655,/home/sebastien/Documents/projects/solafune-finding-mining-sites/data/train/train_655.tif,0,solafune
871,/home/sebastien/Documents/projects/solafune-finding-mining-sites/data/train/train_871.tif,0,solafune
634,/home/sebastien/Documents/projects/solafune-finding-mining-sites/data/train/train_634.tif,1,solafune
591,/home/sebastien/Documents/projects/solafune-finding-mining-sites/data/train/train_591.tif,0,solafune
681,/home/sebastien/Documents/projects/solafune-finding-mining-sites/data/train/train_681.tif,1,solafune
1040,/home/sebastien/Documents/projects/solafune-finding-mining-sites/data/train/train_1040.tif,0,solafune
1073,/home/sebastien/Documents/projects/solafune-finding-mining-sites/data/train/train_1073.tif,1,solafune
672,/home/sebastien/Documents/projects/solafune-finding-mining-sites/data/train/train_672.tif,1,solafune
1089,/home/sebastien/Documents/projects/solafune-finding-mining-sites/data/train/train_1089.tif,0,solafune
897,/home/sebastien/Documents/projects/solafune-finding-mining-sites/data/train/train_897.tif,0,solafune
295,/home/sebastien/Documents/projects/solafune-finding-mining-sites/data/train/train_295.tif,0,solafune
1129,/home/sebastien/Documents/projects/solafune-finding-mining-sites/data/train/train_1129.tif,0,solafune
35,/home/sebastien/Documents/projects/solafune-finding-mining-sites/data/train/train_35.tif,0,solafune
1109,/home/sebastien/Documents/projects/solafune-finding-mining-sites/data/train/train_1109.tif,0,solafune
1195,/home/sebastien/Documents/projects/solafune-finding-mining-sites/data/train/train_1195.tif,0,solafune
362,/home/sebastien/Documents/projects/solafune-finding-mining-sites/data/train/train_362.tif,0,solafune
607,/home/sebastien/Documents/projects/solafune-finding-mining-sites/data/train/train_607.tif,1,solafune
318,/home/sebastien/Documents/projects/solafune-finding-mining-sites/data/train/train_318.tif,0,solafune
47,/home/sebastien/Documents/projects/solafune-finding-mining-sites/data/train/train_47.tif,0,solafune
974,/home/sebastien/Documents/projects/solafune-finding-mining-sites/data/train/train_974.tif,0,solafune
1081,/home/sebastien/Documents/projects/solafune-finding-mining-sites/data/train/train_1081.tif,0,solafune
725,/home/sebastien/Documents/projects/solafune-finding-mining-sites/data/train/train_725.tif,0,solafune
202,/home/sebastien/Documents/projects/solafune-finding-mining-sites/data/train/train_202.tif,0,solafune
1184,/home/sebastien/Documents/projects/solafune-finding-mining-sites/data/train/train_1184.tif,0,solafune
786,/home/sebastien/Documents/projects/solafune-finding-mining-sites/data/train/train_786.tif,0,solafune
1083,/home/sebastien/Documents/projects/solafune-finding-mining-sites/data/train/train_1083.tif,0,solafune
255,/home/sebastien/Documents/projects/solafune-finding-mining-sites/data/train/train_255.tif,1,solafune
180,/home/sebastien/Documents/projects/solafune-finding-mining-sites/data/train/train_180.tif,0,solafune
404,/home/sebastien/Documents/projects/solafune-finding-mining-sites/data/train/train_404.tif,0,solafune
171,/home/sebastien/Documents/projects/solafune-finding-mining-sites/data/train/train_171.tif,1,solafune
463,/home/sebastien/Documents/projects/solafune-finding-mining-sites/data/train/train_463.tif,0,solafune
1025,/home/sebastien/Documents/projects/solafune-finding-mining-sites/data/train/train_1025.tif,0,solafune
834,/home/sebastien/Documents/projects/solafune-finding-mining-sites/data/train/train_834.tif,0,solafune
509,/home/sebastien/Documents/projects/solafune-finding-mining-sites/data/train/train_509.tif,0,solafune
18,/home/sebastien/Documents/projects/solafune-finding-mining-sites/data/train/train_18.tif,0,solafune
866,/home/sebastien/Documents/projects/solafune-finding-mining-sites/data/train/train_866.tif,0,solafune
6,/home/sebastien/Documents/projects/solafune-finding-mining-sites/data/train/train_6.tif,0,solafune
712,/home/sebastien/Documents/projects/solafune-finding-mining-sites/data/train/train_712.tif,0,solafune
576,/home/sebastien/Documents/projects/solafune-finding-mining-sites/data/train/train_576.tif,0,solafune
475,/home/sebastien/Documents/projects/solafune-finding-mining-sites/data/train/train_475.tif,0,solafune
217,/home/sebastien/Documents/projects/solafune-finding-mining-sites/data/train/train_217.tif,0,solafune
236,/home/sebastien/Documents/projects/solafune-finding-mining-sites/data/train/train_236.tif,0,solafune
981,/home/sebastien/Documents/projects/solafune-finding-mining-sites/data/train/train_981.tif,0,solafune
936,/home/sebastien/Documents/projects/solafune-finding-mining-sites/data/train/train_936.tif,0,solafune
105,/home/sebastien/Documents/projects/solafune-finding-mining-sites/data/train/train_105.tif,1,solafune
203,/home/sebastien/Documents/projects/solafune-finding-mining-sites/data/train/train_203.tif,0,solafune
978,/home/sebastien/Documents/projects/solafune-finding-mining-sites/data/train/train_978.tif,0,solafune
906,/home/sebastien/Documents/projects/solafune-finding-mining-sites/data/train/train_906.tif,0,solafune
1107,/home/sebastien/Documents/projects/solafune-finding-mining-sites/data/train/train_1107.tif,1,solafune
273,/home/sebastien/Documents/projects/solafune-finding-mining-sites/data/train/train_273.tif,0,solafune
504,/home/sebastien/Documents/projects/solafune-finding-mining-sites/data/train/train_504.tif,1,solafune
923,/home/sebastien/Documents/projects/solafune-finding-mining-sites/data/train/train_923.tif,0,solafune
456,/home/sebastien/Documents/projects/solafune-finding-mining-sites/data/train/train_456.tif,0,solafune
258,/home/sebastien/Documents/projects/solafune-finding-mining-sites/data/train/train_258.tif,1,solafune
476,/home/sebastien/Documents/projects/solafune-finding-mining-sites/data/train/train_476.tif,1,solafune
562,/home/sebastien/Documents/projects/solafune-finding-mining-sites/data/train/train_562.tif,0,solafune
1215,/home/sebastien/Documents/projects/solafune-finding-mining-sites/data/train/train_1215.tif,0,solafune
1051,/home/sebastien/Documents/projects/solafune-finding-mining-sites/data/train/train_1051.tif,0,solafune
61,/home/sebastien/Documents/projects/solafune-finding-mining-sites/data/train/train_61.tif,0,solafune
645,/home/sebastien/Documents/projects/solafune-finding-mining-sites/data/train/train_645.tif,0,solafune
698,/home/sebastien/Documents/projects/solafune-finding-mining-sites/data/train/train_698.tif,1,solafune
460,/home/sebastien/Documents/projects/solafune-finding-mining-sites/data/train/train_460.tif,0,solafune
212,/home/sebastien/Documents/projects/solafune-finding-mining-sites/data/train/train_212.tif,0,solafune
532,/home/sebastien/Documents/projects/solafune-finding-mining-sites/data/train/train_532.tif,1,solafune
1211,/home/sebastien/Documents/projects/solafune-finding-mining-sites/data/train/train_1211.tif,0,solafune
761,/home/sebastien/Documents/projects/solafune-finding-mining-sites/data/train/train_761.tif,1,solafune
154,/home/sebastien/Documents/projects/solafune-finding-mining-sites/data/train/train_154.tif,0,solafune
28,/home/sebastien/Documents/projects/solafune-finding-mining-sites/data/train/train_28.tif,0,solafune
62,/home/sebastien/Documents/projects/solafune-finding-mining-sites/data/train/train_62.tif,0,solafune
1016,/home/sebastien/Documents/projects/solafune-finding-mining-sites/data/train/train_1016.tif,0,solafune
1115,/home/sebastien/Documents/projects/solafune-finding-mining-sites/data/train/train_1115.tif,0,solafune
305,/home/sebastien/Documents/projects/solafune-finding-mining-sites/data/train/train_305.tif,0,solafune
1032,/home/sebastien/Documents/projects/solafune-finding-mining-sites/data/train/train_1032.tif,0,solafune
1055,/home/sebastien/Documents/projects/solafune-finding-mining-sites/data/train/train_1055.tif,0,solafune
817,/home/sebastien/Documents/projects/solafune-finding-mining-sites/data/train/train_817.tif,0,solafune
711,/home/sebastien/Documents/projects/solafune-finding-mining-sites/data/train/train_711.tif,1,solafune
316,/home/sebastien/Documents/projects/solafune-finding-mining-sites/data/train/train_316.tif,0,solafune
489,/home/sebastien/Documents/projects/solafune-finding-mining-sites/data/train/train_489.tif,0,solafune
223,/home/sebastien/Documents/projects/solafune-finding-mining-sites/data/train/train_223.tif,0,solafune
131,/home/sebastien/Documents/projects/solafune-finding-mining-sites/data/train/train_131.tif,0,solafune
1028,/home/sebastien/Documents/projects/solafune-finding-mining-sites/data/train/train_1028.tif,0,solafune
963,/home/sebastien/Documents/projects/solafune-finding-mining-sites/data/train/train_963.tif,0,solafune
1078,/home/sebastien/Documents/projects/solafune-finding-mining-sites/data/train/train_1078.tif,0,solafune
851,/home/sebastien/Documents/projects/solafune-finding-mining-sites/data/train/train_851.tif,0,solafune
540,/home/sebastien/Documents/projects/solafune-finding-mining-sites/data/train/train_540.tif,0,solafune
137,/home/sebastien/Documents/projects/solafune-finding-mining-sites/data/train/train_137.tif,0,solafune
29,/home/sebastien/Documents/projects/solafune-finding-mining-sites/data/train/train_29.tif,0,solafune
641,/home/sebastien/Documents/projects/solafune-finding-mining-sites/data/train/train_641.tif,0,solafune
169,/home/sebastien/Documents/projects/solafune-finding-mining-sites/data/train/train_169.tif,0,solafune
79,/home/sebastien/Documents/projects/solafune-finding-mining-sites/data/train/train_79.tif,0,solafune
887,/home/sebastien/Documents/projects/solafune-finding-mining-sites/data/train/train_887.tif,1,solafune
1123,/home/sebastien/Documents/projects/solafune-finding-mining-sites/data/train/train_1123.tif,0,solafune
789,/home/sebastien/Documents/projects/solafune-finding-mining-sites/data/train/train_789.tif,1,solafune
642,/home/sebastien/Documents/projects/solafune-finding-mining-sites/data/train/train_642.tif,0,solafune
674,/home/sebastien/Documents/projects/solafune-finding-mining-sites/data/train/train_674.tif,0,solafune
353,/home/sebastien/Documents/projects/solafune-finding-mining-sites/data/train/train_353.tif,0,solafune
1029,/home/sebastien/Documents/projects/solafune-finding-mining-sites/data/train/train_1029.tif,0,solafune
990,/home/sebastien/Documents/projects/solafune-finding-mining-sites/data/train/train_990.tif,0,solafune
1172,/home/sebastien/Documents/projects/solafune-finding-mining-sites/data/train/train_1172.tif,0,solafune
183,/home/sebastien/Documents/projects/solafune-finding-mining-sites/data/train/train_183.tif,0,solafune
876,/home/sebastien/Documents/projects/solafune-finding-mining-sites/data/train/train_876.tif,0,solafune
452,/home/sebastien/Documents/projects/solafune-finding-mining-sites/data/train/train_452.tif,1,solafune
1241,/home/sebastien/Documents/projects/solafune-finding-mining-sites/data/train/train_1241.tif,0,solafune
268,/home/sebastien/Documents/projects/solafune-finding-mining-sites/data/train/train_268.tif,0,solafune
443,/home/sebastien/Documents/projects/solafune-finding-mining-sites/data/train/train_443.tif,0,solafune
326,/home/sebastien/Documents/projects/solafune-finding-mining-sites/data/train/train_326.tif,0,solafune
24,/home/sebastien/Documents/projects/solafune-finding-mining-sites/data/train/train_24.tif,0,solafune
157,/home/sebastien/Documents/projects/solafune-finding-mining-sites/data/train/train_157.tif,1,solafune
737,/home/sebastien/Documents/projects/solafune-finding-mining-sites/data/train/train_737.tif,0,solafune
608,/home/sebastien/Documents/projects/solafune-finding-mining-sites/data/train/train_608.tif,0,solafune
245,/home/sebastien/Documents/projects/solafune-finding-mining-sites/data/train/train_245.tif,0,solafune
187,/home/sebastien/Documents/projects/solafune-finding-mining-sites/data/train/train_187.tif,1,solafune
472,/home/sebastien/Documents/projects/solafune-finding-mining-sites/data/train/train_472.tif,1,solafune
616,/home/sebastien/Documents/projects/solafune-finding-mining-sites/data/train/train_616.tif,0,solafune
414,/home/sebastien/Documents/projects/solafune-finding-mining-sites/data/train/train_414.tif,1,solafune
32,/home/sebastien/Documents/projects/solafune-finding-mining-sites/data/train/train_32.tif,0,solafune
1013,/home/sebastien/Documents/projects/solafune-finding-mining-sites/data/train/train_1013.tif,0,solafune
611,/home/sebastien/Documents/projects/solafune-finding-mining-sites/data/train/train_611.tif,0,solafune
108,/home/sebastien/Documents/projects/solafune-finding-mining-sites/data/train/train_108.tif,1,solafune
688,/home/sebastien/Documents/projects/solafune-finding-mining-sites/data/train/train_688.tif,0,solafune
55,/home/sebastien/Documents/projects/solafune-finding-mining-sites/data/train/train_55.tif,0,solafune
944,/home/sebastien/Documents/projects/solafune-finding-mining-sites/data/train/train_944.tif,0,solafune
417,/home/sebastien/Documents/projects/solafune-finding-mining-sites/data/train/train_417.tif,0,solafune
241,/home/sebastien/Documents/projects/solafune-finding-mining-sites/data/train/train_241.tif,0,solafune
125,/home/sebastien/Documents/projects/solafune-finding-mining-sites/data/train/train_125.tif,0,solafune
1196,/home/sebastien/Documents/projects/solafune-finding-mining-sites/data/train/train_1196.tif,0,solafune
1126,/home/sebastien/Documents/projects/solafune-finding-mining-sites/data/train/train_1126.tif,0,solafune
288,/home/sebastien/Documents/projects/solafune-finding-mining-sites/data/train/train_288.tif,0,solafune
867,/home/sebastien/Documents/projects/solafune-finding-mining-sites/data/train/train_867.tif,0,solafune
962,/home/sebastien/Documents/projects/solafune-finding-mining-sites/data/train/train_962.tif,0,solafune
160,/home/sebastien/Documents/projects/solafune-finding-mining-sites/data/train/train_160.tif,0,solafune
664,/home/sebastien/Documents/projects/solafune-finding-mining-sites/data/train/train_664.tif,0,solafune
458,/home/sebastien/Documents/projects/solafune-finding-mining-sites/data/train/train_458.tif,0,solafune
1080,/home/sebastien/Documents/projects/solafune-finding-mining-sites/data/train/train_1080.tif,0,solafune
794,/home/sebastien/Documents/projects/solafune-finding-mining-sites/data/train/train_794.tif,1,solafune
592,/home/sebastien/Documents/projects/solafune-finding-mining-sites/data/train/train_592.tif,0,solafune
882,/home/sebastien/Documents/projects/solafune-finding-mining-sites/data/train/train_882.tif,0,solafune
84,/home/sebastien/Documents/projects/solafune-finding-mining-sites/data/train/train_84.tif,0,solafune
1096,/home/sebastien/Documents/projects/solafune-finding-mining-sites/data/train/train_1096.tif,0,solafune
132,/home/sebastien/Documents/projects/solafune-finding-mining-sites/data/train/train_132.tif,0,solafune
747,/home/sebastien/Documents/projects/solafune-finding-mining-sites/data/train/train_747.tif,0,solafune
541,/home/sebastien/Documents/projects/solafune-finding-mining-sites/data/train/train_541.tif,0,solafune
957,/home/sebastien/Documents/projects/solafune-finding-mining-sites/data/train/train_957.tif,0,solafune
388,/home/sebastien/Documents/projects/solafune-finding-mining-sites/data/train/train_388.tif,1,solafune
816,/home/sebastien/Documents/projects/solafune-finding-mining-sites/data/train/train_816.tif,0,solafune
488,/home/sebastien/Documents/projects/solafune-finding-mining-sites/data/train/train_488.tif,1,solafune
766,/home/sebastien/Documents/projects/solafune-finding-mining-sites/data/train/train_766.tif,0,solafune
281,/home/sebastien/Documents/projects/solafune-finding-mining-sites/data/train/train_281.tif,0,solafune
496,/home/sebastien/Documents/projects/solafune-finding-mining-sites/data/train/train_496.tif,0,solafune
845,/home/sebastien/Documents/projects/solafune-finding-mining-sites/data/train/train_845.tif,0,solafune
272,/home/sebastien/Documents/projects/solafune-finding-mining-sites/data/train/train_272.tif,1,solafune
446,/home/sebastien/Documents/projects/solafune-finding-mining-sites/data/train/train_446.tif,1,solafune
130,/home/sebastien/Documents/projects/solafune-finding-mining-sites/data/train/train_130.tif,0,solafune
653,/home/sebastien/Documents/projects/solafune-finding-mining-sites/data/train/train_653.tif,0,solafune
807,/home/sebastien/Documents/projects/solafune-finding-mining-sites/data/train/train_807.tif,1,solafune
949,/home/sebastien/Documents/projects/solafune-finding-mining-sites/data/train/train_949.tif,1,solafune
201,/home/sebastien/Documents/projects/solafune-finding-mining-sites/data/train/train_201.tif,0,solafune
1110,/home/sebastien/Documents/projects/solafune-finding-mining-sites/data/train/train_1110.tif,1,solafune
1048,/home/sebastien/Documents/projects/solafune-finding-mining-sites/data/train/train_1048.tif,0,solafune
114,/home/sebastien/Documents/projects/solafune-finding-mining-sites/data/train/train_114.tif,1,solafune
322,/home/sebastien/Documents/projects/solafune-finding-mining-sites/data/train/train_322.tif,0,solafune
813,/home/sebastien/Documents/projects/solafune-finding-mining-sites/data/train/train_813.tif,0,solafune
159,/home/sebastien/Documents/projects/solafune-finding-mining-sites/data/train/train_159.tif,0,solafune
571,/home/sebastien/Documents/projects/solafune-finding-mining-sites/data/train/train_571.tif,0,solafune
530,/home/sebastien/Documents/projects/solafune-finding-mining-sites/data/train/train_530.tif,0,solafune
1112,/home/sebastien/Documents/projects/solafune-finding-mining-sites/data/train/train_1112.tif,0,solafune
1065,/home/sebastien/Documents/projects/solafune-finding-mining-sites/data/train/train_1065.tif,0,solafune
457,/home/sebastien/Documents/projects/solafune-finding-mining-sites/data/train/train_457.tif,1,solafune
835,/home/sebastien/Documents/projects/solafune-finding-mining-sites/data/train/train_835.tif,0,solafune
568,/home/sebastien/Documents/projects/solafune-finding-mining-sites/data/train/train_568.tif,1,solafune
869,/home/sebastien/Documents/projects/solafune-finding-mining-sites/data/train/train_869.tif,0,solafune
954,/home/sebastien/Documents/projects/solafune-finding-mining-sites/data/train/train_954.tif,0,solafune
768,/home/sebastien/Documents/projects/solafune-finding-mining-sites/data/train/train_768.tif,0,solafune
175,/home/sebastien/Documents/projects/solafune-finding-mining-sites/data/train/train_175.tif,0,solafune
291,/home/sebastien/Documents/projects/solafune-finding-mining-sites/data/train/train_291.tif,0,solafune
629,/home/sebastien/Documents/projects/solafune-finding-mining-sites/data/train/train_629.tif,0,solafune
408,/home/sebastien/Documents/projects/solafune-finding-mining-sites/data/train/train_408.tif,0,solafune
317,/home/sebastien/Documents/projects/solafune-finding-mining-sites/data/train/train_317.tif,0,solafune
517,/home/sebastien/Documents/projects/solafune-finding-mining-sites/data/train/train_517.tif,1,solafune
586,/home/sebastien/Documents/projects/solafune-finding-mining-sites/data/train/train_586.tif,0,solafune
742,/home/sebastien/Documents/projects/solafune-finding-mining-sites/data/train/train_742.tif,0,solafune
907,/home/sebastien/Documents/projects/solafune-finding-mining-sites/data/train/train_907.tif,0,solafune
678,/home/sebastien/Documents/projects/solafune-finding-mining-sites/data/train/train_678.tif,0,solafune
320,/home/sebastien/Documents/projects/solafune-finding-mining-sites/data/train/train_320.tif,0,solafune
311,/home/sebastien/Documents/projects/solafune-finding-mining-sites/data/train/train_311.tif,0,solafune
471,/home/sebastien/Documents/projects/solafune-finding-mining-sites/data/train/train_471.tif,0,solafune
1049,/home/sebastien/Documents/projects/solafune-finding-mining-sites/data/train/train_1049.tif,0,solafune
1173,/home/sebastien/Documents/projects/solafune-finding-mining-sites/data/train/train_1173.tif,0,solafune
466,/home/sebastien/Documents/projects/solafune-finding-mining-sites/data/train/train_466.tif,1,solafune
1210,/home/sebastien/Documents/projects/solafune-finding-mining-sites/data/train/train_1210.tif,0,solafune
1158,/home/sebastien/Documents/projects/solafune-finding-mining-sites/data/train/train_1158.tif,1,solafune
910,/home/sebastien/Documents/projects/solafune-finding-mining-sites/data/train/train_910.tif,0,solafune
246,/home/sebastien/Documents/projects/solafune-finding-mining-sites/data/train/train_246.tif,1,solafune
693,/home/sebastien/Documents/projects/solafune-finding-mining-sites/data/train/train_693.tif,1,solafune
234,/home/sebastien/Documents/projects/solafune-finding-mining-sites/data/train/train_234.tif,1,solafune
207,/home/sebastien/Documents/projects/solafune-finding-mining-sites/data/train/train_207.tif,0,solafune
374,/home/sebastien/Documents/projects/solafune-finding-mining-sites/data/train/train_374.tif,0,solafune
1156,/home/sebastien/Documents/projects/solafune-finding-mining-sites/data/train/train_1156.tif,0,solafune
1011,/home/sebastien/Documents/projects/solafune-finding-mining-sites/data/train/train_1011.tif,0,solafune
348,/home/sebastien/Documents/projects/solafune-finding-mining-sites/data/train/train_348.tif,0,solafune
833,/home/sebastien/Documents/projects/solafune-finding-mining-sites/data/train/train_833.tif,0,solafune
385,/home/sebastien/Documents/projects/solafune-finding-mining-sites/data/train/train_385.tif,1,solafune
1240,/home/sebastien/Documents/projects/solafune-finding-mining-sites/data/train/train_1240.tif,0,solafune
492,/home/sebastien/Documents/projects/solafune-finding-mining-sites/data/train/train_492.tif,0,solafune
814,/home/sebastien/Documents/projects/solafune-finding-mining-sites/data/train/train_814.tif,0,solafune
705,/home/sebastien/Documents/projects/solafune-finding-mining-sites/data/train/train_705.tif,0,solafune
82,/home/sebastien/Documents/projects/solafune-finding-mining-sites/data/train/train_82.tif,0,solafune
1052,/home/sebastien/Documents/projects/solafune-finding-mining-sites/data/train/train_1052.tif,1,solafune
697,/home/sebastien/Documents/projects/solafune-finding-mining-sites/data/train/train_697.tif,0,solafune
213,/home/sebastien/Documents/projects/solafune-finding-mining-sites/data/train/train_213.tif,1,solafune
510,/home/sebastien/Documents/projects/solafune-finding-mining-sites/data/train/train_510.tif,0,solafune
795,/home/sebastien/Documents/projects/solafune-finding-mining-sites/data/train/train_795.tif,0,solafune
726,/home/sebastien/Documents/projects/solafune-finding-mining-sites/data/train/train_726.tif,0,solafune
828,/home/sebastien/Documents/projects/solafune-finding-mining-sites/data/train/train_828.tif,0,solafune
635,/home/sebastien/Documents/projects/solafune-finding-mining-sites/data/train/train_635.tif,0,solafune
164,/home/sebastien/Documents/projects/solafune-finding-mining-sites/data/train/train_164.tif,0,solafune
1213,/home/sebastien/Documents/projects/solafune-finding-mining-sites/data/train/train_1213.tif,0,solafune
1205,/home/sebastien/Documents/projects/solafune-finding-mining-sites/data/train/train_1205.tif,0,solafune
1197,/home/sebastien/Documents/projects/solafune-finding-mining-sites/data/train/train_1197.tif,0,solafune
387,/home/sebastien/Documents/projects/solafune-finding-mining-sites/data/train/train_387.tif,0,solafune
696,/home/sebastien/Documents/projects/solafune-finding-mining-sites/data/train/train_696.tif,0,solafune
74,/home/sebastien/Documents/projects/solafune-finding-mining-sites/data/train/train_74.tif,1,solafune
820,/home/sebastien/Documents/projects/solafune-finding-mining-sites/data/train/train_820.tif,0,solafune
256,/home/sebastien/Documents/projects/solafune-finding-mining-sites/data/train/train_256.tif,1,solafune
686,/home/sebastien/Documents/projects/solafune-finding-mining-sites/data/train/train_686.tif,0,solafune
89,/home/sebastien/Documents/projects/solafune-finding-mining-sites/data/train/train_89.tif,1,solafune
740,/home/sebastien/Documents/projects/solafune-finding-mining-sites/data/train/train_740.tif,0,solafune
189,/home/sebastien/Documents/projects/solafune-finding-mining-sites/data/train/train_189.tif,0,solafune
748,/home/sebastien/Documents/projects/solafune-finding-mining-sites/data/train/train_748.tif,0,solafune
503,/home/sebastien/Documents/projects/solafune-finding-mining-sites/data/train/train_503.tif,0,solafune
250,/home/sebastien/Documents/projects/solafune-finding-mining-sites/data/train/train_250.tif,0,solafune
484,/home/sebastien/Documents/projects/solafune-finding-mining-sites/data/train/train_484.tif,0,solafune
392,/home/sebastien/Documents/projects/solafune-finding-mining-sites/data/train/train_392.tif,0,solafune
304,/home/sebastien/Documents/projects/solafune-finding-mining-sites/data/train/train_304.tif,0,solafune
699,/home/sebastien/Documents/projects/solafune-finding-mining-sites/data/train/train_699.tif,0,solafune
648,/home/sebastien/Documents/projects/solafune-finding-mining-sites/data/train/train_648.tif,1,solafune
975,/home/sebastien/Documents/projects/solafune-finding-mining-sites/data/train/train_975.tif,0,solafune
904,/home/sebastien/Documents/projects/solafune-finding-mining-sites/data/train/train_904.tif,0,solafune
437,/home/sebastien/Documents/projects/solafune-finding-mining-sites/data/train/train_437.tif,0,solafune
762,/home/sebastien/Documents/projects/solafune-finding-mining-sites/data/train/train_762.tif,0,solafune
191,/home/sebastien/Documents/projects/solafune-finding-mining-sites/data/train/train_191.tif,0,solafune
1130,/home/sebastien/Documents/projects/solafune-finding-mining-sites/data/train/train_1130.tif,0,solafune
1099,/home/sebastien/Documents/projects/solafune-finding-mining-sites/data/train/train_1099.tif,0,solafune
842,/home/sebastien/Documents/projects/solafune-finding-mining-sites/data/train/train_842.tif,0,solafune
893,/home/sebastien/Documents/projects/solafune-finding-mining-sites/data/train/train_893.tif,0,solafune
1041,/home/sebastien/Documents/projects/solafune-finding-mining-sites/data/train/train_1041.tif,0,solafune
780,/home/sebastien/Documents/projects/solafune-finding-mining-sites/data/train/train_780.tif,1,solafune
1030,/home/sebastien/Documents/projects/solafune-finding-mining-sites/data/train/train_1030.tif,1,solafune
356,/home/sebastien/Documents/projects/solafune-finding-mining-sites/data/train/train_356.tif,0,solafune
1182,/home/sebastien/Documents/projects/solafune-finding-mining-sites/data/train/train_1182.tif,0,solafune
756,/home/sebastien/Documents/projects/solafune-finding-mining-sites/data/train/train_756.tif,1,solafune
72,/home/sebastien/Documents/projects/solafune-finding-mining-sites/data/train/train_72.tif,1,solafune
933,/home/sebastien/Documents/projects/solafune-finding-mining-sites/data/train/train_933.tif,1,solafune
335,/home/sebastien/Documents/projects/solafune-finding-mining-sites/data/train/train_335.tif,1,solafune
91,/home/sebastien/Documents/projects/solafune-finding-mining-sites/data/train/train_91.tif,0,solafune
1146,/home/sebastien/Documents/projects/solafune-finding-mining-sites/data/train/train_1146.tif,0,solafune
556,/home/sebastien/Documents/projects/solafune-finding-mining-sites/data/train/train_556.tif,0,solafune
8,/home/sebastien/Documents/projects/solafune-finding-mining-sites/data/train/train_8.tif,0,solafune
1074,/home/sebastien/Documents/projects/solafune-finding-mining-sites/data/train/train_1074.tif,0,solafune
122,/home/sebastien/Documents/projects/solafune-finding-mining-sites/data/train/train_122.tif,0,solafune
462,/home/sebastien/Documents/projects/solafune-finding-mining-sites/data/train/train_462.tif,0,solafune
1199,/home/sebastien/Documents/projects/solafune-finding-mining-sites/data/train/train_1199.tif,0,solafune
0,/home/sebastien/Documents/projects/solafune-finding-mining-sites/data/train/train_0.tif,0,solafune
1222,/home/sebastien/Documents/projects/solafune-finding-mining-sites/data/train/train_1222.tif,0,solafune
877,/home/sebastien/Documents/projects/solafune-finding-mining-sites/data/train/train_877.tif,0,solafune
927,/home/sebastien/Documents/projects/solafune-finding-mining-sites/data/train/train_927.tif,0,solafune
749,/home/sebastien/Documents/projects/solafune-finding-mining-sites/data/train/train_749.tif,0,solafune
639,/home/sebastien/Documents/projects/solafune-finding-mining-sites/data/train/train_639.tif,0,solafune
905,/home/sebastien/Documents/projects/solafune-finding-mining-sites/data/train/train_905.tif,0,solafune
1105,/home/sebastien/Documents/projects/solafune-finding-mining-sites/data/train/train_1105.tif,0,solafune
73,/home/sebastien/Documents/projects/solafune-finding-mining-sites/data/train/train_73.tif,0,solafune
99,/home/sebastien/Documents/projects/solafune-finding-mining-sites/data/train/train_99.tif,0,solafune
235,/home/sebastien/Documents/projects/solafune-finding-mining-sites/data/train/train_235.tif,0,solafune
146,/home/sebastien/Documents/projects/solafune-finding-mining-sites/data/train/train_146.tif,0,solafune
200,/home/sebastien/Documents/projects/solafune-finding-mining-sites/data/train/train_200.tif,0,solafune
1226,/home/sebastien/Documents/projects/solafune-finding-mining-sites/data/train/train_1226.tif,0,solafune
773,/home/sebastien/Documents/projects/solafune-finding-mining-sites/data/train/train_773.tif,0,solafune
302,/home/sebastien/Documents/projects/solafune-finding-mining-sites/data/train/train_302.tif,0,solafune
1122,/home/sebastien/Documents/projects/solafune-finding-mining-sites/data/train/train_1122.tif,0,solafune
1225,/home/sebastien/Documents/projects/solafune-finding-mining-sites/data/train/train_1225.tif,0,solafune
401,/home/sebastien/Documents/projects/solafune-finding-mining-sites/data/train/train_401.tif,1,solafune
508,/home/sebastien/Documents/projects/solafune-finding-mining-sites/data/train/train_508.tif,0,solafune
1008,/home/sebastien/Documents/projects/solafune-finding-mining-sites/data/train/train_1008.tif,1,solafune
920,/home/sebastien/Documents/projects/solafune-finding-mining-sites/data/train/train_920.tif,0,solafune
1091,/home/sebastien/Documents/projects/solafune-finding-mining-sites/data/train/train_1091.tif,0,solafune
707,/home/sebastien/Documents/projects/solafune-finding-mining-sites/data/train/train_707.tif,0,solafune
852,/home/sebastien/Documents/projects/solafune-finding-mining-sites/data/train/train_852.tif,0,solafune
1148,/home/sebastien/Documents/projects/solafune-finding-mining-sites/data/train/train_1148.tif,0,solafune
1067,/home/sebastien/Documents/projects/solafune-finding-mining-sites/data/train/train_1067.tif,1,solafune
812,/home/sebastien/Documents/projects/solafune-finding-mining-sites/data/train/train_812.tif,0,solafune
20,/home/sebastien/Documents/projects/solafune-finding-mining-sites/data/train/train_20.tif,1,solafune
449,/home/sebastien/Documents/projects/solafune-finding-mining-sites/data/train/train_449.tif,0,solafune
797,/home/sebastien/Documents/projects/solafune-finding-mining-sites/data/train/train_797.tif,1,solafune
495,/home/sebastien/Documents/projects/solafune-finding-mining-sites/data/train/train_495.tif,0,solafune
518,/home/sebastien/Documents/projects/solafune-finding-mining-sites/data/train/train_518.tif,0,solafune
953,/home/sebastien/Documents/projects/solafune-finding-mining-sites/data/train/train_953.tif,0,solafune
538,/home/sebastien/Documents/projects/solafune-finding-mining-sites/data/train/train_538.tif,0,solafune
1204,/home/sebastien/Documents/projects/solafune-finding-mining-sites/data/train/train_1204.tif,0,solafune
557,/home/sebastien/Documents/projects/solafune-finding-mining-sites/data/train/train_557.tif,1,solafune
85,/home/sebastien/Documents/projects/solafune-finding-mining-sites/data/train/train_85.tif,0,solafune
1116,/home/sebastien/Documents/projects/solafune-finding-mining-sites/data/train/train_1116.tif,0,solafune
757,/home/sebastien/Documents/projects/solafune-finding-mining-sites/data/train/train_757.tif,0,solafune
21,/home/sebastien/Documents/projects/solafune-finding-mining-sites/data/train/train_21.tif,0,solafune
165,/home/sebastien/Documents/projects/solafune-finding-mining-sites/data/train/train_165.tif,0,solafune
915,/home/sebastien/Documents/projects/solafune-finding-mining-sites/data/train/train_915.tif,0,solafune
1026,/home/sebastien/Documents/projects/solafune-finding-mining-sites/data/train/train_1026.tif,0,solafune
1012,/home/sebastien/Documents/projects/solafune-finding-mining-sites/data/train/train_1012.tif,0,solafune
880,/home/sebastien/Documents/projects/solafune-finding-mining-sites/data/train/train_880.tif,0,solafune
763,/home/sebastien/Documents/projects/solafune-finding-mining-sites/data/train/train_763.tif,0,solafune
754,/home/sebastien/Documents/projects/solafune-finding-mining-sites/data/train/train_754.tif,0,solafune
800,/home/sebastien/Documents/projects/solafune-finding-mining-sites/data/train/train_800.tif,0,solafune
791,/home/sebastien/Documents/projects/solafune-finding-mining-sites/data/train/train_791.tif,1,solafune
1042,/home/sebastien/Documents/projects/solafune-finding-mining-sites/data/train/train_1042.tif,0,solafune
337,/home/sebastien/Documents/projects/solafune-finding-mining-sites/data/train/train_337.tif,1,solafune
469,/home/sebastien/Documents/projects/solafune-finding-mining-sites/data/train/train_469.tif,1,solafune
64,/home/sebastien/Documents/projects/solafune-finding-mining-sites/data/train/train_64.tif,1,solafune
1174,/home/sebastien/Documents/projects/solafune-finding-mining-sites/data/train/train_1174.tif,0,solafune
167,/home/sebastien/Documents/projects/solafune-finding-mining-sites/data/train/train_167.tif,0,solafune
1082,/home/sebastien/Documents/projects/solafune-finding-mining-sites/data/train/train_1082.tif,1,solafune
1101,/home/sebastien/Documents/projects/solafune-finding-mining-sites/data/train/train_1101.tif,0,solafune
704,/home/sebastien/Documents/projects/solafune-finding-mining-sites/data/train/train_704.tif,0,solafune
1,/home/sebastien/Documents/projects/solafune-finding-mining-sites/data/train/train_1.tif,0,solafune
153,/home/sebastien/Documents/projects/solafune-finding-mining-sites/data/train/train_153.tif,0,solafune
1131,/home/sebastien/Documents/projects/solafune-finding-mining-sites/data/train/train_1131.tif,0,solafune
339,/home/sebastien/Documents/projects/solafune-finding-mining-sites/data/train/train_339.tif,0,solafune
440,/home/sebastien/Documents/projects/solafune-finding-mining-sites/data/train/train_440.tif,1,solafune
1138,/home/sebastien/Documents/projects/solafune-finding-mining-sites/data/train/train_1138.tif,0,solafune
283,/home/sebastien/Documents/projects/solafune-finding-mining-sites/data/train/train_283.tif,0,solafune
604,/home/sebastien/Documents/projects/solafune-finding-mining-sites/data/train/train_604.tif,1,solafune
955,/home/sebastien/Documents/projects/solafune-finding-mining-sites/data/train/train_955.tif,0,solafune
531,/home/sebastien/Documents/projects/solafune-finding-mining-sites/data/train/train_531.tif,0,solafune
928,/home/sebastien/Documents/projects/solafune-finding-mining-sites/data/train/train_928.tif,0,solafune
468,/home/sebastien/Documents/projects/solafune-finding-mining-sites/data/train/train_468.tif,0,solafune
162,/home/sebastien/Documents/projects/solafune-finding-mining-sites/data/train/train_162.tif,0,solafune
850,/home/sebastien/Documents/projects/solafune-finding-mining-sites/data/train/train_850.tif,0,solafune
391,/home/sebastien/Documents/projects/solafune-finding-mining-sites/data/train/train_391.tif,0,solafune
675,/home/sebastien/Documents/projects/solafune-finding-mining-sites/data/train/train_675.tif,0,solafune
808,/home/sebastien/Documents/projects/solafune-finding-mining-sites/data/train/train_808.tif,0,solafune
1221,/home/sebastien/Documents/projects/solafune-finding-mining-sites/data/train/train_1221.tif,0,solafune
194,/home/sebastien/Documents/projects/solafune-finding-mining-sites/data/train/train_194.tif,0,solafune
421,/home/sebastien/Documents/projects/solafune-finding-mining-sites/data/train/train_421.tif,1,solafune
1188,/home/sebastien/Documents/projects/solafune-finding-mining-sites/data/train/train_1188.tif,1,solafune
555,/home/sebastien/Documents/projects/solafune-finding-mining-sites/data/train/train_555.tif,0,solafune
832,/home/sebastien/Documents/projects/solafune-finding-mining-sites/data/train/train_832.tif,0,solafune
315,/home/sebastien/Documents/projects/solafune-finding-mining-sites/data/train/train_315.tif,0,solafune
384,/home/sebastien/Documents/projects/solafune-finding-mining-sites/data/train/train_384.tif,0,solafune
603,/home/sebastien/Documents/projects/solafune-finding-mining-sites/data/train/train_603.tif,0,solafune
1019,/home/sebastien/Documents/projects/solafune-finding-mining-sites/data/train/train_1019.tif,1,solafune
935,/home/sebastien/Documents/projects/solafune-finding-mining-sites/data/train/train_935.tif,0,solafune
1223,/home/sebastien/Documents/projects/solafune-finding-mining-sites/data/train/train_1223.tif,0,solafune
769,/home/sebastien/Documents/projects/solafune-finding-mining-sites/data/train/train_769.tif,0,solafune
474,/home/sebastien/Documents/projects/solafune-finding-mining-sites/data/train/train_474.tif,0,solafune
520,/home/sebastien/Documents/projects/solafune-finding-mining-sites/data/train/train_520.tif,0,solafune
37,/home/sebastien/Documents/projects/solafune-finding-mining-sites/data/train/train_37.tif,0,solafune
95,/home/sebastien/Documents/projects/solafune-finding-mining-sites/data/train/train_95.tif,0,solafune
680,/home/sebastien/Documents/projects/solafune-finding-mining-sites/data/train/train_680.tif,1,solafune
577,/home/sebastien/Documents/projects/solafune-finding-mining-sites/data/train/train_577.tif,0,solafune
287,/home/sebastien/Documents/projects/solafune-finding-mining-sites/data/train/train_287.tif,0,solafune
840,/home/sebastien/Documents/projects/solafune-finding-mining-sites/data/train/train_840.tif,1,solafune
606,/home/sebastien/Documents/projects/solafune-finding-mining-sites/data/train/train_606.tif,0,solafune
924,/home/sebastien/Documents/projects/solafune-finding-mining-sites/data/train/train_924.tif,0,solafune
630,/home/sebastien/Documents/projects/solafune-finding-mining-sites/data/train/train_630.tif,0,solafune
197,/home/sebastien/Documents/projects/solafune-finding-mining-sites/data/train/train_197.tif,1,solafune
94,/home/sebastien/Documents/projects/solafune-finding-mining-sites/data/train/train_94.tif,1,solafune
399,/home/sebastien/Documents/projects/solafune-finding-mining-sites/data/train/train_399.tif,0,solafune
1088,/home/sebastien/Documents/projects/solafune-finding-mining-sites/data/train/train_1088.tif,0,solafune
758,/home/sebastien/Documents/projects/solafune-finding-mining-sites/data/train/train_758.tif,0,solafune
578,/home/sebastien/Documents/projects/solafune-finding-mining-sites/data/train/train_578.tif,0,solafune
152,/home/sebastien/Documents/projects/solafune-finding-mining-sites/data/train/train_152.tif,0,solafune
563,/home/sebastien/Documents/projects/solafune-finding-mining-sites/data/train/train_563.tif,0,solafune
524,/home/sebastien/Documents/projects/solafune-finding-mining-sites/data/train/train_524.tif,0,solafune
1224,/home/sebastien/Documents/projects/solafune-finding-mining-sites/data/train/train_1224.tif,0,solafune
182,/home/sebastien/Documents/projects/solafune-finding-mining-sites/data/train/train_182.tif,0,solafune
1183,/home/sebastien/Documents/projects/solafune-finding-mining-sites/data/train/train_1183.tif,0,solafune
1100,/home/sebastien/Documents/projects/solafune-finding-mining-sites/data/train/train_1100.tif,0,solafune
115,/home/sebastien/Documents/projects/solafune-finding-mining-sites/data/train/train_115.tif,0,solafune
1164,/home/sebastien/Documents/projects/solafune-finding-mining-sites/data/train/train_1164.tif,0,solafune
633,/home/sebastien/Documents/projects/solafune-finding-mining-sites/data/train/train_633.tif,0,solafune
638,/home/sebastien/Documents/projects/solafune-finding-mining-sites/data/train/train_638.tif,0,solafune
683,/home/sebastien/Documents/projects/solafune-finding-mining-sites/data/train/train_683.tif,0,solafune
501,/home/sebastien/Documents/projects/solafune-finding-mining-sites/data/train/train_501.tif,0,solafune
690,/home/sebastien/Documents/projects/solafune-finding-mining-sites/data/train/train_690.tif,0,solafune
1093,/home/sebastien/Documents/projects/solafune-finding-mining-sites/data/train/train_1093.tif,0,solafune
1059,/home/sebastien/Documents/projects/solafune-finding-mining-sites/data/train/train_1059.tif,0,solafune
357,/home/sebastien/Documents/projects/solafune-finding-mining-sites/data/train/train_357.tif,0,solafune
793,/home/sebastien/Documents/projects/solafune-finding-mining-sites/data/train/train_793.tif,0,solafune
579,/home/sebastien/Documents/projects/solafune-finding-mining-sites/data/train/train_579.tif,1,solafune
418,/home/sebastien/Documents/projects/solafune-finding-mining-sites/data/train/train_418.tif,0,solafune
26,/home/sebastien/Documents/projects/solafune-finding-mining-sites/data/train/train_26.tif,0,solafune
810,/home/sebastien/Documents/projects/solafune-finding-mining-sites/data/train/train_810.tif,0,solafune
972,/home/sebastien/Documents/projects/solafune-finding-mining-sites/data/train/train_972.tif,0,solafune
550,/home/sebastien/Documents/projects/solafune-finding-mining-sites/data/train/train_550.tif,1,solafune
110,/home/sebastien/Documents/projects/solafune-finding-mining-sites/data/train/train_110.tif,0,solafune
632,/home/sebastien/Documents/projects/solafune-finding-mining-sites/data/train/train_632.tif,0,solafune
190,/home/sebastien/Documents/projects/solafune-finding-mining-sites/data/train/train_190.tif,1,solafune
324,/home/sebastien/Documents/projects/solafune-finding-mining-sites/data/train/train_324.tif,0,solafune
691,/home/sebastien/Documents/projects/solafune-finding-mining-sites/data/train/train_691.tif,0,solafune
560,/home/sebastien/Documents/projects/solafune-finding-mining-sites/data/train/train_560.tif,0,solafune
846,/home/sebastien/Documents/projects/solafune-finding-mining-sites/data/train/train_846.tif,1,solafune
668,/home/sebastien/Documents/projects/solafune-finding-mining-sites/data/train/train_668.tif,1,solafune
783,/home/sebastien/Documents/projects/solafune-finding-mining-sites/data/train/train_783.tif,0,solafune
514,/home/sebastien/Documents/projects/solafune-finding-mining-sites/data/train/train_514.tif,1,solafune
1056,/home/sebastien/Documents/projects/solafune-finding-mining-sites/data/train/train_1056.tif,0,solafune
806,/home/sebastien/Documents/projects/solafune-finding-mining-sites/data/train/train_806.tif,0,solafune
195,/home/sebastien/Documents/projects/solafune-finding-mining-sites/data/train/train_195.tif,0,solafune
945,/home/sebastien/Documents/projects/solafune-finding-mining-sites/data/train/train_945.tif,0,solafune
836,/home/sebastien/Documents/projects/solafune-finding-mining-sites/data/train/train_836.tif,0,solafune
22,/home/sebastien/Documents/projects/solafune-finding-mining-sites/data/train/train_22.tif,0,solafune
623,/home/sebastien/Documents/projects/solafune-finding-mining-sites/data/train/train_623.tif,0,solafune
426,/home/sebastien/Documents/projects/solafune-finding-mining-sites/data/train/train_426.tif,0,solafune
1085,/home/sebastien/Documents/projects/solafune-finding-mining-sites/data/train/train_1085.tif,0,solafune
1034,/home/sebastien/Documents/projects/solafune-finding-mining-sites/data/train/train_1034.tif,0,solafune
1024,/home/sebastien/Documents/projects/solafune-finding-mining-sites/data/train/train_1024.tif,0,solafune
602,/home/sebastien/Documents/projects/solafune-finding-mining-sites/data/train/train_602.tif,0,solafune
57,/home/sebastien/Documents/projects/solafune-finding-mining-sites/data/train/train_57.tif,1,solafune
1170,/home/sebastien/Documents/projects/solafune-finding-mining-sites/data/train/train_1170.tif,0,solafune
977,/home/sebastien/Documents/projects/solafune-finding-mining-sites/data/train/train_977.tif,0,solafune
252,/home/sebastien/Documents/projects/solafune-finding-mining-sites/data/train/train_252.tif,0,solafune
142,/home/sebastien/Documents/projects/solafune-finding-mining-sites/data/train/train_142.tif,0,solafune
581,/home/sebastien/Documents/projects/solafune-finding-mining-sites/data/train/train_581.tif,0,solafune
2,/home/sebastien/Documents/projects/solafune-finding-mining-sites/data/train/train_2.tif,0,solafune
249,/home/sebastien/Documents/projects/solafune-finding-mining-sites/data/train/train_249.tif,0,solafune
336,/home/sebastien/Documents/projects/solafune-finding-mining-sites/data/train/train_336.tif,1,solafune
619,/home/sebastien/Documents/projects/solafune-finding-mining-sites/data/train/train_619.tif,0,solafune
952,/home/sebastien/Documents/projects/solafune-finding-mining-sites/data/train/train_952.tif,0,solafune
238,/home/sebastien/Documents/projects/solafune-finding-mining-sites/data/train/train_238.tif,1,solafune
804,/home/sebastien/Documents/projects/solafune-finding-mining-sites/data/train/train_804.tif,0,solafune
909,/home/sebastien/Documents/projects/solafune-finding-mining-sites/data/train/train_909.tif,1,solafune
558,/home/sebastien/Documents/projects/solafune-finding-mining-sites/data/train/train_558.tif,0,solafune
755,/home/sebastien/Documents/projects/solafune-finding-mining-sites/data/train/train_755.tif,0,solafune
1038,/home/sebastien/Documents/projects/solafune-finding-mining-sites/data/train/train_1038.tif,0,solafune
441,/home/sebastien/Documents/projects/solafune-finding-mining-sites/data/train/train_441.tif,0,solafune
709,/home/sebastien/Documents/projects/solafune-finding-mining-sites/data/train/train_709.tif,0,solafune
1069,/home/sebastien/Documents/projects/solafune-finding-mining-sites/data/train/train_1069.tif,0,solafune
293,/home/sebastien/Documents/projects/solafune-finding-mining-sites/data/train/train_293.tif,0,solafune
347,/home/sebastien/Documents/projects/solafune-finding-mining-sites/data/train/train_347.tif,1,solafune
627,/home/sebastien/Documents/projects/solafune-finding-mining-sites/data/train/train_627.tif,0,solafune
844,/home/sebastien/Documents/projects/solafune-finding-mining-sites/data/train/train_844.tif,0,solafune
637,/home/sebastien/Documents/projects/solafune-finding-mining-sites/data/train/train_637.tif,0,solafune
1095,/home/sebastien/Documents/projects/solafune-finding-mining-sites/data/train/train_1095.tif,0,solafune
251,/home/sebastien/Documents/projects/solafune-finding-mining-sites/data/train/train_251.tif,0,solafune
971,/home/sebastien/Documents/projects/solafune-finding-mining-sites/data/train/train_971.tif,1,solafune
33,/home/sebastien/Documents/projects/solafune-finding-mining-sites/data/train/train_33.tif,0,solafune
853,/home/sebastien/Documents/projects/solafune-finding-mining-sites/data/train/train_853.tif,1,solafune
1145,/home/sebastien/Documents/projects/solafune-finding-mining-sites/data/train/train_1145.tif,0,solafune
257,/home/sebastien/Documents/projects/solafune-finding-mining-sites/data/train/train_257.tif,0,solafune
1127,/home/sebastien/Documents/projects/solafune-finding-mining-sites/data/train/train_1127.tif,0,solafune
656,/home/sebastien/Documents/projects/solafune-finding-mining-sites/data/train/train_656.tif,1,solafune
134,/home/sebastien/Documents/projects/solafune-finding-mining-sites/data/train/train_134.tif,0,solafune
204,/home/sebastien/Documents/projects/solafune-finding-mining-sites/data/train/train_204.tif,0,solafune
792,/home/sebastien/Documents/projects/solafune-finding-mining-sites/data/train/train_792.tif,1,solafune
267,/home/sebastien/Documents/projects/solafune-finding-mining-sites/data/train/train_267.tif,0,solafune
1177,/home/sebastien/Documents/projects/solafune-finding-mining-sites/data/train/train_1177.tif,0,solafune
1104,/home/sebastien/Documents/projects/solafune-finding-mining-sites/data/train/train_1104.tif,0,solafune
941,/home/sebastien/Documents/projects/solafune-finding-mining-sites/data/train/train_941.tif,1,solafune
925,/home/sebastien/Documents/projects/solafune-finding-mining-sites/data/train/train_925.tif,0,solafune
144,/home/sebastien/Documents/projects/solafune-finding-mining-sites/data/train/train_144.tif,0,solafune
354,/home/sebastien/Documents/projects/solafune-finding-mining-sites/data/train/train_354.tif,0,solafune
230,/home/sebastien/Documents/projects/solafune-finding-mining-sites/data/train/train_230.tif,0,solafune
124,/home/sebastien/Documents/projects/solafune-finding-mining-sites/data/train/train_124.tif,0,solafune
841,/home/sebastien/Documents/projects/solafune-finding-mining-sites/data/train/train_841.tif,0,solafune
117,/home/sebastien/Documents/projects/solafune-finding-mining-sites/data/train/train_117.tif,0,solafune
930,/home/sebastien/Documents/projects/solafune-finding-mining-sites/data/train/train_930.tif,0,solafune
727,/home/sebastien/Documents/projects/solafune-finding-mining-sites/data/train/train_727.tif,1,solafune
595,/home/sebastien/Documents/projects/solafune-finding-mining-sites/data/train/train_595.tif,0,solafune
734,/home/sebastien/Documents/projects/solafune-finding-mining-sites/data/train/train_734.tif,0,solafune
694,/home/sebastien/Documents/projects/solafune-finding-mining-sites/data/train/train_694.tif,0,solafune
378,/home/sebastien/Documents/projects/solafune-finding-mining-sites/data/train/train_378.tif,0,solafune
788,/home/sebastien/Documents/projects/solafune-finding-mining-sites/data/train/train_788.tif,0,solafune
1114,/home/sebastien/Documents/projects/solafune-finding-mining-sites/data/train/train_1114.tif,1,solafune
1194,/home/sebastien/Documents/projects/solafune-finding-mining-sites/data/train/train_1194.tif,1,solafune
658,/home/sebastien/Documents/projects/solafune-finding-mining-sites/data/train/train_658.tif,0,solafune
416,/home/sebastien/Documents/projects/solafune-finding-mining-sites/data/train/train_416.tif,1,solafune
715,/home/sebastien/Documents/projects/solafune-finding-mining-sites/data/train/train_715.tif,0,solafune
626,/home/sebastien/Documents/projects/solafune-finding-mining-sites/data/train/train_626.tif,0,solafune
330,/home/sebastien/Documents/projects/solafune-finding-mining-sites/data/train/train_330.tif,0,solafune
956,/home/sebastien/Documents/projects/solafune-finding-mining-sites/data/train/train_956.tif,0,solafune
819,/home/sebastien/Documents/projects/solafune-finding-mining-sites/data/train/train_819.tif,0,solafune
276,/home/sebastien/Documents/projects/solafune-finding-mining-sites/data/train/train_276.tif,0,solafune
341,/home/sebastien/Documents/projects/solafune-finding-mining-sites/data/train/train_341.tif,0,solafune
133,/home/sebastien/Documents/projects/solafune-finding-mining-sites/data/train/train_133.tif,0,solafune
17,/home/sebastien/Documents/projects/solafune-finding-mining-sites/data/train/train_17.tif,0,solafune
569,/home/sebastien/Documents/projects/solafune-finding-mining-sites/data/train/train_569.tif,1,solafune
1119,/home/sebastien/Documents/projects/solafune-finding-mining-sites/data/train/train_1119.tif,1,solafune
145,/home/sebastien/Documents/projects/solafune-finding-mining-sites/data/train/train_145.tif,0,solafune
647,/home/sebastien/Documents/projects/solafune-finding-mining-sites/data/train/train_647.tif,0,solafune
883,/home/sebastien/Documents/projects/solafune-finding-mining-sites/data/train/train_883.tif,1,solafune
119,/home/sebastien/Documents/projects/solafune-finding-mining-sites/data/train/train_119.tif,0,solafune
1231,/home/sebastien/Documents/projects/solafune-finding-mining-sites/data/train/train_1231.tif,0,solafune
574,/home/sebastien/Documents/projects/solafune-finding-mining-sites/data/train/train_574.tif,0,solafune
482,/home/sebastien/Documents/projects/solafune-finding-mining-sites/data/train/train_482.tif,0,solafune
830,/home/sebastien/Documents/projects/solafune-finding-mining-sites/data/train/train_830.tif,0,solafune
1054,/home/sebastien/Documents/projects/solafune-finding-mining-sites/data/train/train_1054.tif,0,solafune
891,/home/sebastien/Documents/projects/solafune-finding-mining-sites/data/train/train_891.tif,0,solafune
386,/home/sebastien/Documents/projects/solafune-finding-mining-sites/data/train/train_386.tif,0,solafune
651,/home/sebastien/Documents/projects/solafune-finding-mining-sites/data/train/train_651.tif,0,solafune
695,/home/sebastien/Documents/projects/solafune-finding-mining-sites/data/train/train_695.tif,0,solafune
512,/home/sebastien/Documents/projects/solafune-finding-mining-sites/data/train/train_512.tif,0,solafune
585,/home/sebastien/Documents/projects/solafune-finding-mining-sites/data/train/train_585.tif,0,solafune
499,/home/sebastien/Documents/projects/solafune-finding-mining-sites/data/train/train_499.tif,0,solafune
373,/home/sebastien/Documents/projects/solafune-finding-mining-sites/data/train/train_373.tif,0,solafune
42,/home/sebastien/Documents/projects/solafune-finding-mining-sites/data/train/train_42.tif,0,solafune
161,/home/sebastien/Documents/projects/solafune-finding-mining-sites/data/train/train_161.tif,0,solafune
179,/home/sebastien/Documents/projects/solafune-finding-mining-sites/data/train/train_179.tif,0,solafune
4,/home/sebastien/Documents/projects/solafune-finding-mining-sites/data/train/train_4.tif,0,solafune
278,/home/sebastien/Documents/projects/solafune-finding-mining-sites/data/train/train_278.tif,0,solafune
779,/home/sebastien/Documents/projects/solafune-finding-mining-sites/data/train/train_779.tif,0,solafune
185,/home/sebastien/Documents/projects/solafune-finding-mining-sites/data/train/train_185.tif,0,solafune
53,/home/sebastien/Documents/projects/solafune-finding-mining-sites/data/train/train_53.tif,0,solafune
248,/home/sebastien/Documents/projects/solafune-finding-mining-sites/data/train/train_248.tif,0,solafune
403,/home/sebastien/Documents/projects/solafune-finding-mining-sites/data/train/train_403.tif,0,solafune
370,/home/sebastien/Documents/projects/solafune-finding-mining-sites/data/train/train_370.tif,0,solafune
601,/home/sebastien/Documents/projects/solafune-finding-mining-sites/data/train/train_601.tif,0,solafune
359,/home/sebastien/Documents/projects/solafune-finding-mining-sites/data/train/train_359.tif,0,solafune
750,/home/sebastien/Documents/projects/solafune-finding-mining-sites/data/train/train_750.tif,1,solafune
232,/home/sebastien/Documents/projects/solafune-finding-mining-sites/data/train/train_232.tif,0,solafune
7,/home/sebastien/Documents/projects/solafune-finding-mining-sites/data/train/train_7.tif,0,solafune
829,/home/sebastien/Documents/projects/solafune-finding-mining-sites/data/train/train_829.tif,0,solafune
80,/home/sebastien/Documents/projects/solafune-finding-mining-sites/data/train/train_80.tif,1,solafune
1189,/home/sebastien/Documents/projects/solafune-finding-mining-sites/data/train/train_1189.tif,0,solafune
636,/home/sebastien/Documents/projects/solafune-finding-mining-sites/data/train/train_636.tif,0,solafune
279,/home/sebastien/Documents/projects/solafune-finding-mining-sites/data/train/train_279.tif,0,solafune
566,/home/sebastien/Documents/projects/solafune-finding-mining-sites/data/train/train_566.tif,0,solafune
570,/home/sebastien/Documents/projects/solafune-finding-mining-sites/data/train/train_570.tif,0,solafune
69,/home/sebastien/Documents/projects/solafune-finding-mining-sites/data/train/train_69.tif,0,solafune
87,/home/sebastien/Documents/projects/solafune-finding-mining-sites/data/train/train_87.tif,0,solafune
965,/home/sebastien/Documents/projects/solafune-finding-mining-sites/data/train/train_965.tif,0,solafune
899,/home/sebastien/Documents/projects/solafune-finding-mining-sites/data/train/train_899.tif,0,solafune
